code	name
600110	诺德股份
600228	*ST昌九
603689	皖天然气
600459	贵研铂业
600301	ST南化
601101	昊华能源
603020	爱普股份
600576	万家文化
603133	碳元科技
600155	宝硕股份
600104	上汽集团
600557	康缘药业
603688	石英股份
603178	圣龙股份
603066	音飞储存
600767	*ST运盛
600083	博信股份
600898	三联商社
603067	振华股份
600497	驰宏锌锗
600395	盘江股份
600533	栖霞建设
603336	宏辉果蔬
600367	红星发展
603936	博敏电子
603085	天成自控
603668	天马科技
600493	凤竹纺织
603203	快克股份
601699	潞安环能
603611	诺力股份
603519	立霸股份
603738	泰晶科技
600410	华胜天成
603208	江山欧派
603505	金石资源
603322	超讯通信
600711	盛屯矿业
600121	*ST郑煤
600321	国栋建设
603701	德宏股份
603031	安德利
600633	浙数文化
600405	动力源
600362	江西铜业
600538	国发股份
603360	百傲化学
601212	白银有色
603089	正裕工业
603881	数据港
002850	科达利
002349	精华制药
002812	创新股份
000983	西山煤电
002460	赣锋锂业
002466	天齐锂业
000060	中金岭南
300127	银河磁体
002289	宇顺电子
300539	横河模具
002340	格林美
002552	宝鼎科技
002848	高斯贝尔
002679	福建金森
002685	华东重机
002196	方正电机
002074	国轩高科
300381	溢多利
300474	景嘉微
002709	天赐材料
002836	新宏泽
300438	鹏辉能源
300263	隆华节能
002732	燕塘乳业
002050	三花智控
002853	皮阿诺
002786	银宝山新
002645	华宏科技
300520	科大国创
002458	益生股份
300525	博思软件
002802	洪汇新材
002157	正邦科技
002719	麦趣尔
300535	达威股份
002813	路畅科技
300049	福瑞股份
002407	多氟多
002820	桂发祥
002300	太阳电缆
300549	优德精密
002139	拓邦股份
300451	创业软件
002791	坚朗五金
300336	新文化
300508	维宏股份
300264	佳创视讯
300626	华瑞股份
300625	三雄极光
002182	云海金属
600540	*ST新赛
600549	厦门钨业
603232	格尔软件
600338	西藏珠峰
603929	亚翔集成
603828	柯利达
603800	道森股份
600508	上海能源
600158	XD中体产
603536	N惠发
603767	N中马
603819	神力股份
600845	宝信软件
603799	华友钴业
603009	北特科技
600971	恒源煤电
603568	伟明环保
601388	怡球资源
603166	福达股份
603022	新通联
600695	绿庭投资
603788	宁波高发
600326	西藏天路
600704	物产中大
600961	株冶集团
603033	三维股份
603330	上海天洋
603041	美思德
603558	健盛集团
603955	大千生态
603528	多伦科技
600592	龙溪股份
603026	石大胜华
603496	恒为科技
603042	华脉科技
603580	艾艾精工
600212	江泉实业
600563	法拉电子
603117	万林股份
600107	美尔雅
603200	上海洗霸
601168	西部矿业
600884	杉杉股份
603861	白云电器
603993	洛阳钼业
600885	宏发股份
603777	来伊份
603991	至正股份
603886	元祖股份
600006	东风汽车
603903	中持股份
600080	金花股份
600259	广晟有色
600381	青海春天
601689	拓普集团
603266	天龙股份
600081	东风科技
600638	新黄浦
600135	乐凯胶片
603885	DR吉祥航
603690	至纯科技
603416	信捷电气
600213	亚星客车
600877	*ST嘉陵
603421	鼎信通讯
600423	*ST柳化
601020	华钰矿业
603078	江化微
600746	江苏索普
603169	兰石重装
601127	小康股份
603028	赛福天
600764	中电广通
603186	华正新材
603977	国泰集团
600980	北矿科技
603239	浙江仙通
603797	联泰环保
603538	美诺华
600546	山煤国际
600409	三友化工
603037	凯众股份
603999	读者传媒
600444	国机通用
600232	金鹰股份
600331	宏达股份
600773	西藏城投
603798	康普顿
600330	天通股份
603036	如通股份
600848	上海临港
603887	城地股份
603320	迪贝电气
600152	维科精华
603319	湘油泵
603030	全筑股份
600188	兖州煤业
600714	金瑞矿业
603328	依顿电子
603090	宏盛股份
300665	N飞鹿
300035	中科电气
300354	东华测试
300073	当升科技
300663	科蓝软件
002806	华锋股份
300537	广信材料
300546	雄帝科技
300536	农尚环境
300014	亿纬锂能
300611	美力科技
002871	伟隆股份
300409	道氏技术
002695	煌上煌
002877	智能自控
300568	星源材质
002722	金轮股份
300608	思特奇
300661	圣邦股份
300505	川金诺
002771	真视通
002805	丰元股份
002824	和胜股份
002847	盐津铺子
300019	硅宝科技
300141	和顺电气
300162	雷曼股份
300412	迦南科技
300515	三德科技
300555	路通视信
300648	星云股份
300618	寒锐钴业
300655	晶瑞股份
300657	弘信电子
002346	柘中股份
300619	金银河
300579	数字认证
300662	科锐国际
002878	元隆雅图
300037	新宙邦
300585	奥联电子
002842	翔鹭钨业
300224	正海磁材
300416	苏试试验
300153	科泰电源
002835	同为股份
000507	珠海港
002395	双象股份
002296	辉煌科技
002497	雅化集团
002828	贝肯能源
000762	西藏矿业
002780	三夫户外
002620	瑞和股份
000927	一汽夏利
300534	陇神戎发
300547	川环科技
300489	中飞股份
002234	民和股份
300559	佳发安泰
002676	顺威股份
300506	名家汇
300581	晨曦航空
300610	晨化股份
002125	湘潭电化
002108	沧州明珠
002577	雷柏科技
002036	联创电子
300444	双杰电气
002148	北纬通信
300422	博世科
002825	纳尔股份
002782	可立克
002830	名雕股份
002176	江特电机
000639	西王食品
300383	光环新网
000995	*ST皇台
000933	神火股份
000595	*ST宝实
300631	久吾高科
300465	高伟达
000088	盐 田 港
002647	民盛金科
300040	九洲电气
000558	莱茵体育
300332	天壕环境
000957	中通客车
000510	金路集团
002005	德豪润达
002338	奥普光电
000878	云南铜业
300499	高澜股份
300481	濮阳惠成
000723	美锦能源
002492	恒基达鑫
000970	中科三环
000039	中集集团
300589	江龙船艇
300578	会畅通讯
603987	康德莱
600455	博通股份
600456	宝钛股份
603345	安井食品
603716	塞力斯
603960	克来机电
601958	金钼股份
603806	福斯特
600416	湘电股份
603096	新经典
600287	江苏舜天
603159	上海亚虹
603959	百利科技
600053	九鼎投资
603926	铁流股份
600156	华升股份
600389	江山股份
603585	苏利股份
603985	恒润股份
600724	宁波富达
603686	龙马环卫
600740	山西焦化
603518	维格娜丝
600689	上海三毛
603139	康惠制药
600552	凯盛科技
603726	朗迪集团
603822	嘉澳环保
603615	茶花股份
601500	通用股份
600768	宁波富邦
603101	汇嘉时代
600073	上海梅林
601001	大同煤业
600302	标准股份
600605	XD汇通能
600808	马钢股份
603138	海量数据
600182	S佳通
603315	福鞍股份
600151	航天机电
603189	XD网达软
600466	蓝光发展
601222	林洋能源
601011	宝泰隆
600370	三房巷
600526	菲达环保
600038	中直股份
603656	泰禾光电
600201	生物股份
002823	凯中精密
300421	力星股份
002542	中化岩土
000710	*ST天仪
300593	新雷能
300374	恒通科技
002866	传艺科技
300432	富临精工
300551	古鳌科技
300403	地尔汉宇
000792	盐湖股份
300321	同大股份
002623	亚玛顿
000672	上峰水泥
300570	太辰光
002590	万安科技
300250	初灵信息
002085	万丰奥威
300218	安利股份
002616	长青集团
300190	维尔利
300592	华凯创意
002292	奥飞娱乐
000426	兴业矿业
300553	集智股份
002801	微光股份
002703	浙江世宝
300566	激智科技
300576	容大感光
300074	华平股份
300521	爱司凯
300314	戴维医疗
300587	天铁股份
000509	华塑控股
002203	海亮股份
002618	丹邦科技
300335	迪森股份
300376	易事特
300010	立思辰
300523	辰安科技
000736	中房地产
000635	英 力 特
300526	中潜股份
300029	天龙光电
300642	透景生命
002233	塔牌集团
002851	麦格米特
002611	东方精工
300477	合纵科技
002512	达华智能
603908	牧高笛
600160	巨化股份
601999	出版传媒
603160	汇顶科技
600997	开滦股份
603966	法兰泰克
603517	绝味食品
603811	诚意药业
600348	阳泉煤业
600128	弘业股份
601666	平煤股份
600970	中材国际
603258	电魂网络
601015	陕西黑猫
603639	海利尔
603636	南威软件
600889	南京化纤
603177	德创环保
603218	日月股份
603060	国检集团
600801	华新水泥
601918	新集能源
600684	珠江实业
600262	北方股份
600830	香溢融通
603989	艾华集团
600802	福建水泥
600503	华丽家族
600336	澳柯玛
603787	新日股份
600192	长城电工
600161	天坛生物
603878	武进不锈
600169	太原重工
600373	XD中文传
603038	华立股份
603708	家家悦
603081	大丰实业
603035	常熟汽饰
600760	中航黑豹
600354	敦煌种业
600996	贵广网络
603839	安正时尚
600243	青海华鼎
600363	联创光电
600836	界龙实业
603179	新泉股份
603888	新华网
603180	金牌厨柜
600428	中远海特
601311	骆驼股份
603388	元成股份
600571	信雅达
600183	生益科技
603663	三祥新材
600509	天富能源
300640	德艺文创
300078	思创医惠
002733	雄韬股份
002587	奥拓电子
603823	百合花
600602	云赛智联
600783	鲁信创投
600452	涪陵电力
600529	山东药玻
600686	金龙汽车
600079	人福医药
603358	华达科技
603025	大豪科技
600397	安源煤业
603577	汇金通
603618	杭电股份
600581	八一钢铁
603019	中科曙光
300598	诚迈科技
002648	卫星石化
300519	新光药业
300044	赛为智能
300586	美联新材
002276	万马股份
300378	鼎捷软件
002245	澳洋顺昌
300538	同益股份
000960	锡业股份
300288	朗玛信息
300599	雄塑科技
300483	沃施股份
300632	光莆股份
000502	绿景控股
002858	力盛赛车
300552	万集科技
603168	莎普爱思
603698	航天工程
603789	星光农机
601515	东风股份
603039	泛微网络
603000	人民网
603339	四方冷链
603600	永艺股份
603808	歌力思
600730	中国高科
600758	红阳能源
600114	东睦股份
601898	中煤能源
603900	通灵珠宝
603803	瑞斯康达
600359	新农开发
300620	光库科技
002832	比音勒芬
300027	华谊兄弟
000912	泸天化
000807	云铝股份
002795	永和智控
300232	洲明科技
300286	安科瑞
300479	神思电子
002799	环球印务
002811	亚泰国际
002227	奥 特 迅
300484	蓝海华腾
002239	奥特佳
300558	贝达药业
300126	锐奇股份
300380	安硕信息
000757	浩物股份
600595	中孚实业
603727	博迈科
600203	福日电子
603131	上海沪工
601228	广州港
600879	航天电子
603313	梦百合
600401	*ST海润
603023	威帝股份
600382	广东明珠
603002	宏昌电子
600385	山东金泰
603703	XD盛洋科
600778	友好集团
002161	远 望 谷
300501	海顺新材
300645	正元智慧
300279	和晶科技
002769	普路通
300563	神宇股份
002104	恒宝股份
002810	山东赫达
300541	先进数通
002546	新联电子
000973	佛塑科技
600561	江西长运
600096	云天化
600815	*ST厦工
601003	柳钢股份
601996	丰林集团
600078	澄星股份
600123	兰花科创
603843	正平股份
600017	日照港
600792	云煤能源
600329	中新药业
600351	亚宝药业
603920	世运电路
600501	航天晨光
603086	先达股份
600883	博闻科技
601890	亚星锚链
600866	星湖科技
603012	创力集团
600582	天地科技
600067	冠城大通
600831	广电网络
603728	鸣志电器
603630	拉芳家化
603015	弘讯科技
600392	盛和资源
600608	*ST沪科
600596	新安股份
603444	吉比特
603508	思维列控
603928	兴业股份
600316	洪都航空
600425	*ST青松
603298	杭叉集团
603429	集友股份
600864	哈投股份
600789	鲁抗医药
601599	鹿港文化
603165	荣晟环保
603667	五洲新春
603606	东方电缆
601858	中国科传
600696	*ST匹凸
600180	瑞茂通
600870	厦华电子
600774	汉商集团
600558	大西洋
603817	海峡环保
600751	天海投资
603007	花王股份
002386	天原集团
300573	兴齐眼药
300391	康跃科技
000413	东旭光电
002793	东音股份
300243	瑞丰高材
002662	京威股份
300003	乐普医疗
000948	南天信息
002295	精艺股份
300458	全志科技
300588	熙菱信息
300606	金太阳
002829	星网宇达
300529	健帆生物
300556	丝路视觉
000045	深纺织Ａ
300633	开立医疗
300572	安车检测
002655	共达电声
300417	南华仪器
002171	楚江新材
002707	众信旅游
000009	中国宝安
300260	新莱应材
002788	鹭燕医药
002199	东晶电子
002738	中矿资源
002643	万润股份
002333	罗普斯金
000800	一汽轿车
300120	经纬电材
300083	劲胜精密
002758	华通医药
300531	优博讯
000030	富奥股份
002837	英维克
002859	洁美科技
300590	移为通信
300517	海波重科
002279	久其软件
300346	南大光电
300398	飞凯材料
002490	*ST墨龙
000712	锦龙股份
300621	维业股份
300638	广和通
000758	中色股份
000022	深赤湾Ａ
002360	同德化工
603001	奥康国际
603040	新坐标
600202	哈空调
600112	*ST天成
600865	百大集团
603303	得邦照明
600505	西昌电力
600960	渤海活塞
601233	桐昆股份
600282	南钢股份
600988	赤峰黄金
600731	湖南海利
600817	*ST宏盛
603308	应流股份
603586	金麒麟
600295	鄂尔多斯
600500	中化国际
600446	金证股份
600090	同济堂
600433	冠豪高新
600880	博瑞传播
603901	永创智能
603311	金海环境
600172	黄河旋风
601595	上海电影
600699	均胜电子
600019	宝钢股份
603228	景旺电子
600315	上海家化
600058	五矿发展
600129	太极集团
601899	紫金矿业
601375	中原证券
601798	蓝科高新
600560	金自天正
603389	亚振家居
600512	腾达建设
600222	太龙药业
600531	豫光金铅
601968	宝钢包装
600366	宁波韵升
600516	方大炭素
600530	交大昂立
603660	苏州科达
600084	中葡股份
600757	长江传媒
603113	金能科技
603658	安图生物
600507	方大特钢
600776	东方通信
300597	吉大通信
002527	新时达
300565	科信技术
300627	华测导航
002705	新宝股份
300068	南都电源
002364	中恒电气
002121	科陆电子
300651	金陵体育
300047	天源迪科
002476	宝莫股份
000605	渤海股份
002628	成都路桥
300400	劲拓股份
300460	惠伦晶体
000952	广济药业
000548	湖南投资
002708	光洋股份
300635	达安股份
300475	聚隆科技
002253	川大智胜
300623	捷捷微电
300415	伊之密
300605	恒锋信息
300304	云意电气
300641	正丹股份
300617	安靠智电
002001	新 和 成
300584	海辰药业
300265	通光线缆
002833	弘亚数控
300231	银信科技
300473	德尔股份
002873	新天药业
300020	银江股份
002330	得利斯
000937	冀中能源
300652	雷迪克
300452	山河药辅
002808	苏州恒久
300213	佳讯飞鸿
002817	黄山胶囊
002209	达 意 隆
300443	金雷风电
000532	华金资本
002827	高争民爆
300629	新劲刚
300171	东富龙
002768	国恩股份
002378	章源钨业
603383	顶点软件
603990	麦迪科技
600624	复旦复华
603069	海汽集团
600677	航天通信
600984	建设机械
603567	珍宝岛
600163	中闽能源
600995	文山电力
300402	宝色股份
300459	金科娱乐
300602	飞荣达
300387	富邦股份
300249	依米康
600729	重庆百货
603309	维力医疗
603768	常青股份
600665	天地源
601116	三江购物
601966	玲珑轮胎
600111	北方稀土
600386	北巴传媒
603877	太平鸟
600141	兴发集团
600798	宁波海运
603778	乾景园林
601038	一拖股份
603393	新天然气
600818	中路股份
002474	榕基软件
300650	太龙照明
000786	北新建材
002337	赛象科技
300077	国民技术
300649	杭州园林
002651	利君股份
300001	特锐德
300305	裕兴股份
300425	环能科技
002678	珠江钢琴
002441	众业达
300442	普丽盛
002582	好想你
002815	崇达技术
300639	凯普生物
002179	中航光电
600237	铜峰电子
600091	ST明科
600577	精达股份
600775	南京熊猫
600811	东方集团
600088	中视传媒
603859	能科股份
600313	农发种业
603569	长久物流
600513	联环药业
603058	永吉股份
600982	宁波热电
600082	海泰发展
600388	龙净环保
600275	*ST昌鱼
601137	博威合金
603638	艾迪精密
002091	江苏国泰
002696	百洋股份
002728	特一药业
000655	金岭矿业
002605	姚记扑克
002221	东华能源
300550	和仁科技
002218	拓日新能
300211	亿通科技
002152	广电运通
002306	*ST云网
300420	五洋科技
002748	世龙实业
300511	雪榕生物
002856	美芝股份
300530	达志科技
000688	建新矿业
601200	上海环境
600234	ST山水
600573	惠泉啤酒
600281	太化股份
601600	中国铝业
600333	长春燃气
600747	*ST大控
600738	兰州民百
600229	城市传媒
002106	莱宝高科
300580	贝斯特
000404	华意压缩
300433	蓝思科技
300407	凯发电气
002503	搜于特
300097	智云股份
002699	美盛文化
002350	北京科锐
300245	天玑科技
300487	蓝晓科技
002524	光正集团
002783	凯龙股份
300046	台基股份
300101	振芯科技
002272	川润股份
000707	双环科技
002248	*ST东数
300554	三超新材
300548	博创科技
300382	斯莱克
002800	天顺股份
002249	大洋电机
002772	众兴菌业
300139	晓程科技
300062	中能电气
300512	中亚股份
300542	新晨科技
300527	华舟应急
300435	中泰股份
002449	国星光电
002687	乔治白
300514	友讯达
000797	中国武夷
300247	乐金健康
300575	中旗股份
002192	融捷股份
002428	云南锗业
000798	中水渔业
000554	泰山石油
300488	恒锋工具
002770	科迪乳业
300169	天晟新材
300359	全通教育
000582	北部湾港
002767	先锋电子
002852	道道全
000911	南宁糖业
000908	景峰医药
002189	利达光电
300419	浩丰科技
300405	科隆精化
300357	我武生物
300615	欣天科技
002167	东方锆业
300302	同有科技
000969	安泰科技
000803	*ST金宇
300404	博济医药
300350	华鹏飞
300084	海默科技
300528	幸福蓝海
002229	鸿博股份
000906	浙商中拓
300561	汇金科技
300227	光韵达
000751	锌业股份
300284	苏交科
300429	强力新材
002862	实丰文化
000586	汇源通信
300061	康耐特
300516	久之洋
002594	比亚迪
300258	精锻科技
000962	东方钽业
300102	乾照光电
300613	富瀚微
002405	四维图新
000831	五矿稀土
300164	通源石油
300303	聚飞光电
002755	东方新星
300178	腾邦国际
002055	得润电子
000603	盛达矿业
300222	科大智能
002023	海特高新
002419	天虹股份
300283	温州宏丰
300270	中威电子
300390	天华超净
300470	日机密封
300569	天能重工
002079	苏州固锝
603906	龙蟠科技
603996	中新科技
603225	新凤鸣
603300	华铁科技
601777	力帆股份
603779	威龙股份
600052	浙江广厦
600705	中航资本
600346	恒力股份
600936	广西广电
603637	镇海股份
000996	中国中期
300503	昊志机电
002392	北京利尔
300491	通合科技
002160	常铝股份
300370	安控科技
300557	理工光科
000626	远大控股
300604	长川科技
002144	宏达高科
300106	西部牧业
000905	厦门港务
300344	太空板业
002612	朗姿股份
300324	旋极信息
002543	万和电气
601218	吉鑫科技
603099	长白山
600716	凤凰股份
601952	苏垦农发
600311	荣华实业
600469	风神股份
600356	恒丰纸业
600191	华资实业
600187	国中水务
600593	大连圣亚
600784	鲁银投资
601002	晋亿实业
600579	天华院
600241	时代万恒
600586	金晶科技
600869	智慧能源
600897	厦门空港
600219	南山铝业
603398	邦宝益智
603223	恒通股份
601801	皖新传媒
600403	*ST大有
603826	坤彩科技
600782	新钢股份
600536	中国软件
600477	杭萧钢构
600072	中船科技
600537	亿晶光电
600070	浙江富润
600171	上海贝岭
600685	中船防务
600679	上海凤凰
600846	同济科技
600226	升华拜克
600599	熊猫金控
601908	京运通
603599	广信股份
600168	武汉控股
600598	北大荒
300622	博士眼镜
002181	粤 传 媒
002214	大立科技
300509	新美星
300233	金城医药
002246	北化股份
002150	通润装备
002452	长高集团
300377	赢时胜
002046	轴研科技
002580	圣阳股份
300532	今天国际
300533	冰川网络
300600	瑞特股份
300431	暴风集团
300326	凯利泰
002383	合众思壮
300236	上海新阳
300311	任子行
002149	西部材料
300184	力源信息
300228	富瑞特装
300242	明家联合
300199	翰宇药业
000791	甘肃电投
300496	中科创达
002056	横店东磁
300339	润和软件
002057	中钢天源
002735	王子新材
002747	埃斯顿
300295	三六五网
300562	乐心医疗
300132	青松股份
000090	天健集团
000612	焦作万方
002177	御银股份
000922	*ST佳电
002401	中远海科
002861	瀛通通讯
002297	博云新材
002207	*ST准油
000055	方大集团
002190	成飞集成
002632	道明光学
002845	同兴达
300175	朗源股份
000005	世纪星源
300028	金亚科技
002089	新 海 宜
600022	山东钢铁
600209	罗顿发展
603227	雪峰科技
600523	贵航股份
600737	中粮糖业
600470	六国化工
601877	正泰电器
601007	金陵饭店
600307	酒钢宏兴
600551	时代出版
600691	阳煤化工
601208	东材科技
600969	郴电国际
601238	XD广汽集
600741	华域汽车
600117	西宁特钢
600862	中航高科
600707	彩虹股份
600692	亚通股份
603021	山东华鹏
600839	四川长虹
600807	天业股份
601588	北辰实业
600408	安泰集团
600735	新华锦
600288	大恒科技
603027	千禾味业
603385	惠达卫浴
603268	松发股份
600835	上海机电
600859	王府井
601886	江河集团
603077	和邦生物
600108	亚盛集团
600777	新潮能源
601882	海天精工
600166	福田汽车
600981	汇鸿集团
600037	歌华有线
600186	莲花健康
600010	包钢股份
600589	广东榕泰
600630	龙头股份
600218	全柴动力
601225	陕西煤业
603116	红蜻蜓
600216	浙江医药
601558	*ST锐电
600857	宁波中百
600570	恒生电子
300609	汇纳科技
000049	德赛电池
002393	力生制药
002281	光迅科技
002429	兆驰股份
002614	奥佳华
300165	天瑞仪器
300583	赛托生物
002271	东方雨虹
300637	扬帆新材
300636	同和药业
300410	正业科技
300317	珈伟股份
300356	光一科技
002329	皇氏集团
300347	泰格医药
002826	易明医药
002822	中装建设
002105	信隆健康
002137	麦达数字
300103	达刚路机
300253	卫宁健康
000796	凯撒旅游
002335	科华恒盛
300596	利安隆
002570	贝因美
002224	三 力 士
300658	延江股份
300522	世名科技
000670	盈方微
300248	新开普
002746	仙坛股份
300130	新国都
002790	瑞尔特
002690	美亚光电
300140	中环装备
300630	普利制药
002723	金莱特
300017	网宿科技
002235	安妮股份
002436	兴森科技
002818	富森美
000630	铜陵有色
002868	绿康生化
300394	天孚通信
300601	康泰生物
000893	东凌国际
002479	富春环保
000839	中信国安
300197	铁汉生态
600133	东湖高新
600231	凌钢股份
600588	用友网络
601177	杭齿前进
600863	内蒙华电
600120	浙江东方
601700	风范股份
603918	金桥信息
603318	派思股份
600378	天科股份
603006	联明股份
600506	香梨股份
600310	桂东电力
601900	南方传媒
600975	新五丰
601616	广电电气
603678	火炬电子
600613	神奇制药
600619	海立股份
603628	清源股份
600178	东安动力
600481	双良节能
600712	南宁百货
600854	春兰股份
600119	长江投资
600303	曙光股份
600584	长电科技
600095	哈高科
600271	航天信息
600748	上实发展
603729	龙韵股份
600449	宁夏建材
600055	万东医疗
600328	兰太实业
600026	中远海能
600640	号百控股
600658	电子城
600257	大湖股份
600074	保千里
601163	三角轮胎
600873	梅花生物
600335	国机汽车
600723	首商股份
600361	华联综超
600594	益佰制药
600765	中航重机
600908	无锡银行
600616	金枫酒业
603556	海兴电力
600143	金发科技
000985	大庆华科
300161	华中数控
300591	万里马
000802	北京文化
002757	南兴装备
002114	罗平锌电
300150	世纪瑞尔
300235	方直科技
300054	鼎龙股份
300379	东方通
002299	圣农发展
300276	三丰智能
002855	捷荣技术
002445	中南文化
300230	永利股份
000975	银泰资源
300388	国祯环保
002341	新纶科技
002361	神剑股份
002184	海得控制
002556	辉隆股份
002195	二三四五
002454	松芝股份
002686	亿利达
000761	本钢板材
300112	万讯自控
000543	皖能电力
000733	振华科技
000785	武汉中商
000567	海德股份
300093	金刚玻璃
002215	诺 普 信
001896	豫能控股
002491	通鼎互联
000705	浙江震元
300468	四方精创
002631	德尔未来
300595	欧普康视
002701	奥瑞金
000819	岳阳兴长
002517	恺英网络
002779	中坚科技
002750	龙津药业
000159	国际实业
300445	康斯特
002660	茂硕电源
000525	红 太 阳
002284	亚太股份
300277	海联讯
000851	高鸿股份
601969	海南矿业
600063	皖维高新
603100	川仪股份
603269	海鸥股份
600644	乐山电力
600909	华安证券
603968	醋化股份
600116	三峡水利
603626	科森科技
600327	大东方
601789	宁波建工
600527	江南高纤
600664	哈药股份
601058	赛轮金宇
600721	百花村
600125	铁龙物流
600139	西部资源
603858	步长制药
603588	高能环境
601566	九牧王
600448	华纺股份
600838	上海九百
600098	广州发展
600708	光明地产
600744	华银电力
603197	保隆科技
600510	黑牡丹
600626	申达股份
601012	隆基股份
600743	华远地产
600618	氯碱化工
600150	中国船舶
600220	江苏阳光
600787	中储股份
600917	重庆燃气
600422	昆药集团
601636	旗滨集团
600822	上海物贸
600200	江苏吴中
600345	长江通信
600567	山鹰纸业
600680	*ST上普
600825	新华传媒
603939	益丰药房
600167	联美控股
600418	江淮汽车
600372	中航电子
600157	永泰能源
601368	绿城水务
600726	华电能源
002425	凯撒文化
000728	国元证券
002657	中科金财
300261	雅本化学
300180	华峰超纤
300456	耐威科技
002865	钧达股份
300603	立昂技术
300656	民德电子
000066	中国长城
002604	龙力生物
300220	金运激光
300307	慈星股份
000795	英洛华
002532	新界泵业
300050	世纪鼎利
300607	拓斯达
300251	光线传媒
000713	丰乐种业
002053	云南能投
300045	华力创通
002183	怡 亚 通
300643	万通智控
300212	易华录
300006	莱美药业
300272	开能环保
002803	吉宏股份
300229	拓尔思
300328	宜安科技
002653	海思科
300256	星星科技
002510	天汽模
002774	快意电梯
300200	高盟新材
002519	银河电子
300494	盛天网络
000632	三木集团
002424	贵州百灵
300439	美康生物
002068	黑猫股份
002287	奇正藏药
300368	汇金股份
002432	九安医疗
002867	周大生
300016	北陆药业
300076	GQY视讯
002366	台海核电
002534	杭锅股份
002274	华昌化工
300059	东方财富
600308	华泰股份
603188	亚邦股份
603737	三棵树
600278	东方创业
600360	华微电子
600284	浦东建设
600109	国金证券
603758	秦安股份
601005	*ST重钢
603005	晶方科技
600649	城投控股
600569	安阳钢铁
600545	新疆城建
601008	连云港
600458	时代新材
601555	东吴证券
600215	长春经开
600131	岷江水电
600343	航天动力
600796	钱江生化
600979	广安爱众
601366	利群股份
600805	悦达投资
600489	中金黄金
601118	海南橡胶
600728	佳都科技
600223	鲁商置业
603555	贵人鸟
601881	中国银河
600127	金健米业
600601	方正科技
600853	龙建股份
600051	宁波联合
601991	大唐发电
600495	晋西车轴
600770	综艺股份
600435	北方导航
600463	空港股份
601888	中国国旅
600769	祥龙电业
600610	中毅达
600236	桂冠电力
601098	中南传媒
603699	纽威股份
601139	深圳燃气
600966	博汇纸业
601117	中国化学
600396	金山股份
603288	海天味业
600242	中昌数据
002792	通宇通讯
300085	银之杰
000898	鞍钢股份
000062	深圳华强
300215	电科院
300330	华虹计通
000868	安凯客车
002629	仁智股份
000917	电广传媒
002533	金杯电工
002088	鲁阳节能
002849	威星智能
000050	深天马Ａ
002843	泰嘉股份
002033	丽江旅游
002624	完美世界
000890	法 尔 胜
000531	穗恒运Ａ
002328	新朋股份
000545	金浦钛业
300540	深冷股份
300191	潜能恒信
300034	钢研高纳
002857	三晖电气
002559	亚威股份
000880	潍柴重机
002860	星帅尔
000718	苏宁环球
300179	四方达
002872	天圣制药
002220	天宝股份
300056	三维丝
002165	红 宝 丽
002403	爱仕达
002863	今飞凯达
002124	天邦股份
002073	软控股份
300113	顺网科技
000652	泰达股份
300051	三五互联
000833	贵糖股份
300363	博腾股份
000756	新华制药
002359	齐星铁塔
300341	麦迪电气
600103	青山纸业
600896	览海投资
600153	建发股份
600661	新南洋
600790	轻纺城
600077	宋都股份
600399	抚顺特钢
600149	*ST坊展
603011	合锻智能
600515	海航基础
002573	清新环境
002051	中工国际
002516	旷达科技
002560	通达股份
002318	久立特材
600894	广日股份
603578	三星新材
603003	龙宇燃油
601099	太平洋
603337	杰克股份
600828	茂业商业
600391	航发科技
601106	*ST一重
600252	中恒集团
600322	天房发展
600717	天津港
600195	中牧股份
600461	洪城水业
603377	东方时尚
600628	新世界
600651	飞乐音响
600962	国投中鲁
600248	延长化建
603696	安记食品
600039	四川路桥
601028	玉龙股份
600379	宝光股份
603520	司太立
603199	九华旅游
600478	科力远
600829	人民同泰
603579	荣泰健康
601377	兴业证券
600804	鹏博士
603050	科林电气
601808	中海油服
600420	现代制药
600958	东方证券
600575	皖江物流
603488	展鹏科技
600268	国电南自
600436	片仔癀
600479	千金药业
601928	凤凰传媒
603167	渤海轮渡
002649	博彦科技
002103	广博股份
002119	康强电子
002166	莱茵生物
002326	永太科技
002373	千方科技
002469	三维工程
002731	萃华珠宝
300480	光力科技
002063	远光软件
300331	苏大维格
000993	闽东电力
600532	宏达矿业
600285	羚锐制药
600421	仰帆控股
600583	海油工程
600235	民丰特纸
600755	厦门国贸
002270	华明装备
000822	山东海化
300009	安科生物
000078	海王生物
000976	春晖股份
002752	昇兴股份
300170	汉得信息
300384	三联虹普
002290	中科新材
000812	陕西金叶
002376	新北洋
002398	建研集团
300214	日科化学
001696	宗申动力
002169	智光电气
002097	山河智能
600369	西南证券
601678	滨化股份
600742	一汽富维
601369	陕鼓动力
600720	祁连山
600094	大名城
600299	安迪苏
600323	瀚蓝环境
600697	欧亚集团
600118	中国卫星
600668	尖峰集团
600126	杭钢股份
600713	南京医药
600467	好当家
600867	通化东宝
600279	重庆港九
600876	洛阳玻璃
002841	视源股份
300221	银禧科技
002116	中国海诚
002593	日上集团
300428	四通新材
002100	天康生物
002363	隆基机械
300157	恒泰艾普
002574	明牌珠宝
002535	林州重机
000019	深深宝Ａ
300437	清水源
002528	英飞拓
000552	靖远煤电
002126	银轮股份
002674	兴业科技
002462	嘉事堂
300181	佐力药业
600766	园城黄金
600800	天津磁卡
601929	吉视传媒
600976	健民集团
601226	华电重工
600250	南纺股份
600185	格力地产
601788	光大证券
600132	重庆啤酒
600105	永鼎股份
600779	水井坊
600064	南京高科
600620	天宸股份
601866	中远海发
600008	首创股份
600623	华谊集团
600667	太极实业
000572	海马汽车
002194	武汉凡谷
000636	风华高科
002725	跃岭股份
600101	明星电力
600075	新疆天业
600502	安徽水利
600647	同达创业
600781	辅仁药业
600641	万业企业
600965	福成股份
600206	有研新材
600622	嘉宝集团
600841	上柴股份
300567	精测电子
002451	摩恩电气
300455	康拓红外
300333	兆日科技
300052	中青宝
002416	爱施德
000726	鲁  泰Ａ
300007	汉威电子
300005	探路者
000565	渝三峡Ａ
300079	数码视讯
300399	京天利
002347	泰尔股份
300207	欣旺达
002052	同洲电子
000936	华西股份
300160	秀强股份
002627	宜昌交运
002762	金发拉比
000607	华媒控股
300426	唐德影视
300334	津膜科技
002040	南 京 港
002303	美盈森
002017	东信和平
300239	东宝生物
002362	汉王科技
300385	雪浪环境
000622	恒立实业
000690	宝新能源
000790	泰合健康
300254	仟源医药
002727	一心堂
300493	润欣科技
002243	通产丽星
000564	供销大集
300154	瑞凌股份
002356	赫美集团
002689	远大智能
002506	协鑫集成
002870	香山股份
000686	东北证券
002671	龙泉股份
000521	美菱电器
002064	华峰氨纶
000883	湖北能源
000903	云内动力
300309	吉艾科技
002840	华统股份
300457	赢合科技
601518	吉林高速
603111	康尼机电
600759	洲际油气
603029	天鹅股份
600499	科达洁能
603123	翠微股份
600148	长春一东
600687	刚泰控股
600138	中青旅
600246	万通地产
600861	北京城乡
600066	宇通客车
600106	重庆路桥
601016	节能风电
600196	复星医药
600280	中央商场
600292	远达环保
601128	常熟银行
600819	耀皮玻璃
600371	万向德农
603979	金诚信
603988	中电电机
600320	振华重工
600860	*ST京城
600875	东方电气
600390	五矿资本
600429	三元股份
600580	卧龙电气
600054	黄山旅游
600794	保税科技
603008	喜临门
600256	广汇能源
600272	开开实业
600736	苏州高新
601000	唐山港
600475	华光股份
600012	皖通高速
600635	大众公用
603868	飞科电器
600528	中铁工业
600727	鲁北化工
600057	象屿股份
603869	北部湾旅
600847	*ST万里
600761	安徽合力
600319	亚星化学
600482	中国动力
600722	金牛化工
600520	中发科技
600617	国新能源
002216	三全食品
300241	瑞丰光电
002095	生 意 宝
002155	湖南黄金
002539	云图控股
300066	三川智慧
002555	三七互娱
300193	佳士科技
002700	新疆浩源
300018	中元股份
300071	华谊嘉信
300497	富祥股份
002583	海能达
002334	英威腾
002630	华西能源
002060	粤 水 电
002258	利尔化学
002869	金溢科技
000546	金圆股份
300375	鹏翎股份
002652	扬子新材
300021	大禹节水
002716	金贵银业
000422	湖北宜化
002208	合肥城建
002838	道恩股份
300446	乐凯新材
000685	中山公用
000695	滨海能源
002080	中材科技
002406	远东传动
000679	大连友谊
002357	富临运业
300024	机器人
000018	神州长城
300299	富春股份
002601	龙蟒佰利
002273	水晶光电
000010	美丽生态
000061	农 产 品
002433	太安堂
002397	梦洁股份
000782	美达股份
000633	合金投资
300195	长荣股份
000657	中钨高新
000760	斯太尔
002440	闰土股份
000722	湖南发展
001979	招商蛇口
603088	宁波精达
600843	上工申贝
601258	庞大集团
600629	华建集团
600645	中源协和
603158	腾龙股份
600198	大唐电信
603677	奇精机械
603998	方盛制药
600306	商业城
601021	春秋航空
600547	山东黄金
600891	秋林集团
603306	华懋科技
600621	华鑫股份
603456	九洲药业
601188	龙江交通
600812	华北制药
603896	寿仙谷
600261	阳光照明
603368	柳州医药
600309	万华化学
600868	梅雁吉祥
600496	精工钢构
603616	韩建河山
600895	张江高科
600076	康欣新材
600312	平高电气
600230	沧州大化
600682	南京新百
603018	中设集团
600572	康恩贝
600365	通葡股份
601199	江南水务
600225	*ST松江
600881	亚泰集团
600871	石化油服
600487	亨通光电
600963	岳阳林纸
600438	通威股份
600170	上海建工
600803	新奥股份
600814	杭州解百
600565	迪马股份
603883	老百姓
600791	京能置业
600035	楚天高速
600173	卧龙地产
600678	四川金顶
600855	航天长峰
002225	濮耐股份
002529	海源机械
000809	*ST新城
002561	徐家汇
000628	高新发展
000829	天音控股
000848	承德露露
000680	山推股份
000593	大通燃气
300004	南风股份
002315	焦点科技
002288	超华科技
002210	飞马国际
002204	大连重工
002557	洽洽食品
300297	蓝盾股份
002107	沃华医药
300147	香雪制药
300352	北信源
000886	海南高速
000852	石化机械
000523	广州浪奇
002267	陕天然气
002688	金河生物
002015	霞客环保
000096	广聚能源
300373	扬杰科技
002016	世荣兆业
002185	华天科技
300067	安诺其
000589	黔轮胎Ａ
002520	日发精机
300080	易成新能
002523	天桥起重
000409	山东地矿
002551	尚荣医疗
300351	永贵电器
000591	太阳能
000997	新 大 陆
002487	大金重工
002266	浙富控股
002737	葵花药业
300397	天和防务
300082	奥克股份
002434	万里扬
300121	阳谷华泰
000617	中油资本
002061	江山化工
000563	陕国投Ａ
300043	星辉娱乐
600824	益民集团
600233	圆通速递
600525	长园集团
600179	安通控股
601126	四方股份
600062	华润双鹤
600603	广汇物流
600663	陆家嘴
600089	特变电工
600986	科达股份
601997	贵阳银行
600785	新华百货
600238	海南椰岛
600016	民生银行
600858	银座股份
600939	重庆建工
600694	大商股份
601010	文峰股份
600987	航民股份
600211	西藏药业
600826	兰生股份
601579	会稽山
601718	际华集团
601939	建设银行
600325	华发股份
603969	银龙股份
600578	京能电力
603566	普莱柯
600380	健康元
600217	中再资环
601727	上海电气
603323	吴江银行
600007	中国国贸
600113	浙江东日
600352	浙江龙盛
600398	海澜之家
601107	四川成渝
600977	中国电影
600009	上海机场
600823	世茂股份
600031	三一重工
600415	小商品城
600833	第一医药
601688	华泰证券
600027	华电国际
600061	国投安信
600207	安彩高科
600562	国睿科技
600269	赣粤高速
601677	明泰铝业
000601	韶能股份
000789	万年青
002133	广宇集团
300386	飞天诚信
002037	久联发展
002785	万里石
002726	龙大肉食
000768	中航飞机
002145	中核钛白
000966	长源电力
300023	宝德股份
002298	中电鑫龙
002749	国光股份
002112	三变科技
000793	华闻传媒
300647	超频三
002035	华帝股份
300114	中航电测
000631	顺发恒业
002498	汉缆股份
002111	威海广泰
300206	理邦仪器
002009	天奇股份
002117	东港股份
300205	天喻信息
300441	鲍斯股份
002414	高德红外
002054	德美化工
002200	云投生态
300436	广生堂
002007	华兰生物
002789	建艺集团
000731	四川美丰
000002	万  科Ａ
002483	润邦股份
000823	超声电子
002753	永东股份
300471	厚普股份
000711	京蓝科技
002475	立讯精密
000561	烽火电子
300281	金明精机
000559	万向钱潮
002375	亚厦股份
002065	东华软件
300115	长盈精密
000810	创维数字
002002	鸿达兴业
002018	华信国际
000025	特  力Ａ
600247	ST成城
601567	三星医疗
603866	桃李面包
603665	康隆达
600517	置信电气
600337	美克家居
600662	强生控股
600611	大众交通
600816	安信信托
600199	金种子酒
600614	鹏起科技
603899	晨光文具
600130	波导股份
600368	五洲交通
601339	百隆东方
601965	中国汽研
600184	光电股份
600298	安琪酵母
603108	润达医疗
600476	湘邮科技
600715	文投控股
600543	莫高股份
600293	三峡新材
603333	明星电缆
603338	浙江鼎力
600844	*ST丹科
600400	红豆股份
601992	金隅股份
600993	马应龙
601288	农业银行
603766	隆鑫通用
600676	交运股份
600266	北京城建
600267	海正药业
601611	中国核建
601811	XD新华文
601229	上海银行
600175	美都能源
600290	华仪电气
603118	共进股份
601333	广深铁路
600189	吉林森工
600749	西藏旅游
603515	欧普照明
601216	君正集团
600827	百联股份
601668	中国建筑
600159	大龙地产
600809	山西汾酒
600992	贵绳股份
002197	证通电子
300395	菲利华
000514	渝 开 发
002314	南山控股
000665	湖北广电
002138	顺络电子
000547	航天发展
000528	柳    工
002034	美 欣 达
002463	沪电股份
300011	鼎汉技术
000753	漳州发展
300358	楚天科技
000151	中成股份
002265	西仪股份
002598	山东章鼓
002230	科大讯飞
002247	帝龙文化
002020	京新药业
300418	昆仑万维
000971	高升控股
300628	亿联网络
300616	尚品宅配
002344	海宁皮城
002482	广田集团
300008	天海防务
000012	南  玻Ａ
300129	泰胜风能
000498	山东路桥
002353	杰瑞股份
002839	张家港行
002066	瑞泰科技
000541	佛山照明
000701	厦门信达
002172	澳洋科技
300111	向日葵
002307	北新路桥
002381	双箭股份
000681	视觉中国
300306	远方光电
002443	金洲管道
002797	第一创业
000538	云南白药
300448	浩云科技
000016	深康佳Ａ
002069	獐子岛
000058	深 赛 格
002236	大华股份
000837	秦川机床
002450	康得新
600483	福能股份
600959	XD江苏有
601601	中国太保
600753	东方银星
601179	中国西电
601018	宁波港
600439	瑞贝卡
600283	钱江水利
600097	开创国际
600650	锦江投资
600004	白云机场
601328	交通银行
600350	山东高速
600227	赤天化
603098	森特股份
600990	四创电子
600887	伊利股份
600675	中华企业
600339	中油工程
603229	奥翔药业
600297	广汇汽车
601857	中国石油
600926	杭州银行
603889	新澳股份
600719	大连热电
601985	中国核电
600355	精伦电子
603128	华贸物流
600698	湖南天雁
603017	中衡设计
601155	新城控股
603355	莱克电气
600305	恒顺醋业
600978	宜华生活
600177	雅戈尔
600850	华东电脑
601009	南京银行
600522	中天科技
600763	通策医疗
600332	白云山
603222	济民制药
601100	恒立液压
600612	老凤祥
603986	兆易创新
600999	招商证券
603126	中材节能
600270	外运发展
600756	浪潮软件
600585	海螺水泥
600258	首旅酒店
000859	国风塑业
000877	天山股份
002045	国光电器
300099	精准信息
300366	创意信息
002094	青岛金王
002496	辉丰股份
600519	贵州茅台
600020	中原高速
600023	浙能电力
600048	保利地产
600059	古越龙山
300094	国联水产
300453	三鑫医疗
000752	西藏发展
002831	裕同科技
300216	千山药机
002153	石基信息
000698	沈阳化工
000780	*ST平能
002120	韵达股份
002666	德联集团
300124	汇川技术
300135	宝利国际
002201	九鼎新材
300389	艾比森
000026	飞亚达Ａ
600221	海航控股
600240	华业资本
600249	两面针
600300	维维股份
600393	粤泰股份
600406	国电南瑞
600488	天药股份
600498	烽火通信
600550	保变电气
600555	海航创新
600587	新华医疗
600604	市北高新
600693	东百集团
600780	通宝能源
600810	神马股份
600820	隧道股份
600851	海欣股份
601158	重庆水务
002740	爱迪尔
000972	*ST中基
002798	帝王洁具
000555	神州信息
002751	易尚展示
000901	航天科技
002217	合力泰
002579	中京电子
002135	东南网架
002293	罗莱生活
000988	华工科技
002030	达安基因
002123	梦网荣信
002026	山东威达
000825	太钢不锈
002302	西部建设
300202	聚龙股份
601398	工商银行
601607	上海医药
601988	中国银行
603838	四通股份
600260	凯乐科技
600480	凌云股份
601198	东兴证券
600030	中信证券
600615	丰华股份
603369	今世缘
600597	光明乳业
600793	宜宾纸业
600426	华鲁恒升
600068	葛洲坝
600983	惠而浦
600535	天士力
600998	九州通
601211	国泰君安
002636	金安国纪
002008	大族激光
002011	盾安环境
300343	联创互联
000553	沙隆达Ａ
000536	华映科技
000663	永安林业
002067	景兴纸业
002102	冠福股份
002714	牧原股份
300290	荣科科技
603609	禾丰牧业
603198	迎驾贡酒
601901	方正证券
600137	浪莎股份
600069	银鸽投资
600886	国投电力
603366	日出东方
601669	中国电建
600518	康美药业
600060	海信电器
601933	永辉超市
603898	好莱客
600688	上海石化
601998	中信银行
600210	紫江企业
600122	宏图高科
002444	巨星科技
002404	嘉欣丝绸
002518	科士达
002765	蓝黛传动
000581	威孚高科
600837	海通证券
601618	中国中冶
600273	嘉化能源
603589	口子窖
600660	福耀玻璃
600539	狮头股份
601818	光大银行
600383	金地集团
603997	继峰股份
600115	东方航空
601766	中国中车
600674	川投能源
600642	申能股份
600690	青岛海尔
601113	华鼎股份
002562	兄弟科技
000899	赣能股份
002226	江南化工
002371	北方华创
300246	宝莱特
000650	仁和药业
300545	联得装备
300128	锦富技术
300086	康芝药业
000767	漳泽电力
000801	四川九洲
002540	亚太科技
000570	苏常柴Ａ
002384	东山精密
000666	经纬纺机
300449	汉邦高科
002591	恒大高新
600015	华夏银行
600419	天润乳业
600639	浦东金桥
600872	中炬高新
600085	同仁堂
603919	金徽酒
600919	江苏银行
601169	北京银行
600856	中天能源
600771	广誉远
600511	国药股份
601166	兴业银行
600874	创业环保
603399	新华龙
603816	顾家家居
600681	百川能源
600033	福建高速
300055	万邦达
000623	吉林敖东
002637	赞宇科技
000928	中钢国际
000930	中粮生化
002096	南岭民爆
002187	广百股份
002641	永高股份
300318	博晖创新
002367	康力电梯
000703	恒逸石化
002136	安 纳 达
300188	美亚柏科
000616	海航投资
000683	远兴能源
002461	珠江啤酒
002178	延华智能
002480	新筑股份
603669	灵康药业
600566	济川药业
603818	曲美家居
601186	中国铁建
600985	雷鸣科化
600491	龙元建设
601006	大秦铁路
600600	青岛啤酒
600376	首开股份
600732	ST新梅
600056	中国医药
000978	桂林旅游
300434	金石东方
000421	南京公用
002173	创新医疗
002763	汇洁股份
000615	京汉股份
002488	金固股份
300167	迪威视讯
002131	利欧股份
002228	合兴包装
600606	绿地控股
600208	新湖中宝
600521	华海药业
600882	广泽股份
601231	环旭电子
600197	伊力特
603718	海利生物
600754	锦江股份
600255	鑫科材料
600967	内蒙一机
600086	东方金钰
600377	宁沪高速
600486	扬农化工
601390	中国中铁
600276	恒瑞医药
600340	XD华夏幸
600099	林海股份
603717	天域生态
603032	德新交运
600718	东软集团
600028	中国石化
600750	XD江中药
601318	中国平安
600239	云南城投
600893	航发动力
600973	宝胜股份
600029	南方航空
300144	宋城演艺
002635	安洁科技
300204	舒泰神
002132	恒星科技
000417	合肥百货
300329	海伦钢琴
002110	三钢闽光
002484	江海股份
000949	新乡化纤
300039	上海凯宝
601800	中国交建
601799	星宇股份
600011	华能国际
600176	中国巨石
600702	沱牌舍得
600900	长江电力
600018	上港集团
600251	冠农股份
601633	长城汽车
600093	易见股份
603833	欧派家居
603855	华荣股份
600000	浦发银行
600036	招商银行
600291	西水股份
600652	游久游戏
600021	上海电力
000861	海印股份
002320	海峡股份
002670	国盛金控
300427	红相电力
000999	华润三九
002158	汉钟精机
002368	太极股份
002718	友邦吊顶
300571	平治信息
002553	南方轴承
002530	金财互联
002500	山西证券
002237	恒邦股份
000691	ST亚太
000882	华联股份
000920	南方汇通
002154	报 喜 鸟
002159	三特索道
601628	中国人寿
600703	三安光电
600162	香江控股
600548	深高速
601519	*ST智慧
603958	哈森股份
002345	潮宏基
300096	易联众
000031	中粮地产
300187	永清环保
000715	中兴商业
002438	江苏神通
002310	东方园林
000400	许继电气
300476	胜宏科技
000065	北方国际
002667	鞍重股份
002118	紫鑫药业
002278	神开股份
000089	深圳机场
002599	盛通股份
002084	海鸥卫浴
002099	海翔药业
002319	乐通股份
002683	宏大爆破
300217	东方电热
002380	科远股份
002093	国脉科技
601111	中国国航
600071	凤凰光学
601336	新华保险
600892	大晟文化
600706	曲江文旅
603196	日播时尚
600265	ST景谷
603633	徕木股份
000156	华数传媒
300463	迈克生物
002028	思源电气
002564	天沃科技
000429	粤高速Ａ
300507	苏奥传感
300081	恒信东方
002536	西泵股份
002736	国信证券
002745	木林森
300273	和佳股份
002372	伟星新材
000788	北大医药
002585	双星新材
000544	中原环保
000929	兰州黄河
002313	日海通讯
002584	西陇科学
000721	西安饮食
000676	智度股份
002644	佛慈制药
000407	胜利股份
000420	吉林化纤
002548	金新农
002101	广东鸿图
002672	东江环保
300183	东软载波
300240	飞力达
000719	大地传媒
002554	惠博普
002493	荣盛石化
000958	东方能源
000776	广发证券
002021	中捷资源
000592	平潭发展
300293	蓝英装备
002603	以岭药业
000597	东北制药
000826	启迪桑德
000850	华茂股份
000408	金谷源
002321	华英农业
002634	棒杰股份
002081	金 螳 螂
000056	皇庭国际
300269	联建光电
300177	中海达
002713	东易日盛
300355	蒙草生态
300118	东方日升
000637	茂化实华
000750	国海证券
002324	普利特
002639	雪人股份
002609	捷顺科技
300365	恒华科技
000415	渤海金控
002029	七 匹 狼
002665	首航节能
300371	汇中股份
002734	利民股份
300122	智飞生物
300482	万孚生物
300653	正海生物
002578	闽发铝业
002698	博实股份
300659	中孚信息
300660	江苏雷利
300041	回天新材
000505	珠江控股
002317	众生药业
002778	高科石化
002495	佳隆股份
300026	红日药业
000598	兴蓉环境
002090	金智科技
000014	沙河股份
000401	冀东水泥
002211	宏达新材
300406	九强生物
000909	数源科技
002572	索菲亚
000040	东旭蓝天
002251	步 步 高
300219	鸿利智汇
000166	申万宏源
002308	威创股份
000027	深圳能源
002156	通富微电
002351	漫步者
000815	美利云
002382	蓝帆医疗
002477	雏鹰农牧
000517	荣安地产
300075	数字政通
000419	通程控股
000671	阳 光 城
002027	分众传媒
000416	民生控股
002626	金达威
002743	富煌钢构
300577	开润股份
002146	荣盛发展
002507	涪陵榨菜
002478	常宝股份
000919	金陵药业
300287	飞利信
000759	中百集团
002219	恒康医疗
002262	恩华药业
000599	青岛双星
000046	泛海控股
002550	千红制药
000677	恒天海龙
000519	中兵红箭
002717	岭南园林
300072	三聚环保
300274	阳光电源
000520	长航凤凰
002355	兴民智通
000021	深科技
000869	张  裕Ａ
300038	梅泰诺
300137	先河环保
002566	益盛药业
002277	友阿股份
002174	游族网络
002391	长青股份
300172	中电环保
002402	和而泰
002022	科华生物
002423	中原特钢
300155	安居宝
300255	常山药业
000587	金洲慈航
002269	美邦服饰
002776	柏堡龙
002305	南国置业
002588	史丹利
002448	中原内配
300259	新天科技
000028	国药一致
002489	浙江永强
000875	吉电股份
300125	易世达
002775	文科园林
000504	南华生物
000932	*ST华菱
300210	森远股份
002715	登云股份
000979	中弘股份
000977	浪潮信息
300185	通裕重工
300105	龙源技术
000539	粤电力Ａ
000738	航发控制
000779	三毛派神
002212	南洋股份
002286	保龄宝
002435	长江润发
002467	二六三
002259	升达林业
002691	冀凯股份
300036	超图软件
002222	福晶科技
002661	克明面业
300308	中际装备
002421	达实智能
300174	元力股份
300002	神州泰岳
000931	中 关 村
000955	欣龙控股
000516	国际医学
300393	中来股份
002563	森马服饰
000488	晨鸣纸业
000709	河钢股份
000423	东阿阿胶
002188	巴士在线
300262	巴安水务
000737	南风化工
000778	新兴铸管
002658	雪迪龙
002374	丽鹏股份
000533	万 家 乐
000070	特发信息
002692	睿康股份
002042	华孚色纺
002472	双环传动
002607	亚夏汽车
000739	普洛药业
300369	绿盟科技
000811	烟台冰轮
000430	张家界
000717	韶钢松山
002238	天威视讯
300316	晶盛机电
002322	理工环科
002014	永新股份
300296	利亚德
002465	海格通信
002031	巨轮智能
002400	省广股份
002756	永兴特钢
000989	九 芝 堂
300158	振东制药
002471	中超控股
300090	盛运环保
300430	诚益通
300123	太阳鸟
002140	东华科技
300396	迪瑞医疗
002130	沃尔核材
300166	东方国信
002332	仙琚制药
300143	星河生物
000540	中天金融
000524	岭南控股
002231	奥维通信
002387	黑牛食品
300292	吴通控股
002659	中泰桥梁
002741	光华科技
300095	华伍股份
002389	南洋科技
002163	中航三鑫
002656	摩登大道
300138	晨光生物
002508	老板电器
000897	津滨发展
000573	粤宏远Ａ
000667	美好置业
000530	大冷股份
002437	誉衡药业
000961	中南建设
000938	紫光股份
000037	深南电A
002673	西部证券
000692	惠天热电
002617	露笑科技
002198	嘉应制药
002549	凯美特气
300244	迪安诊断
000900	现代投资
300117	嘉寓股份
000625	长安汽车
000550	江铃汽车
002807	江阴银行
000783	长江证券
000008	神州高铁
300226	上海钢联
300289	利德曼
300485	赛升药业
000965	天保基建
002759	天际股份
002541	鸿路钢构
002589	瑞康医药
002724	海洋王
300447	全信股份
300392	腾信股份
000048	康达尔
300424	航新科技
002275	桂林三金
002777	久远银海
300282	汇冠股份
300145	中金环境
002521	齐峰新材
002565	顺灏股份
002186	全 聚 德
002668	奥马电器
000892	欢瑞世纪
002004	华邦健康
002385	大北农
002514	宝馨科技
000668	荣丰控股
002468	申通快递
002394	联发股份
000828	东莞控股
002352	顺丰控股
300360	炬华科技
000157	中联重科
002205	国统股份
300033	同花顺
002501	利源精制
000006	深振业Ａ
002739	万达电影
300107	建新股份
002531	天顺风能
002538	司尔特
000661	长春高新
002481	双塔食品
002191	劲嘉股份
000619	海螺型材
300349	金卡智能
002109	兴化股份
002365	永安药业
000963	华东医药
300031	宝通科技
002537	海立美达
000043	中航地产
300098	高新兴
002170	芭田股份
002575	群兴玩具
000590	启迪古汉
002413	雷科防务
002613	北玻股份
000534	万泽股份
002411	必康股份
002592	八菱科技
000967	盈峰环境
002285	世联行
300323	华灿光电
300266	兴源环境
300464	星徽精密
002615	哈尔斯
000678	襄阳轴承
002558	巨人网络
300070	碧水源
002087	新野纺织
000727	华东科技
000560	昆百大Ａ
002494	华斯股份
002446	盛路通信
002682	龙洲股份
000888	峨眉山Ａ
002072	凯瑞德
002697	红旗连锁
300203	聚光科技
002323	雅百特
000830	鲁西化工
002041	登海种业
002422	科伦药业
002242	九阳股份
300271	华宇软件
000403	ST生化
000732	泰禾集团
002283	天润曲轴
000418	小天鹅Ａ
000835	长城动漫
000606	神州易桥
300362	天翔环境
000425	徐工机械
000551	创元科技
000501	鄂武商Ａ
000518	四环生物
300119	瑞普生物
000816	智慧农业
002083	孚日股份
300495	美尚生态
002223	鱼跃医疗
002453	天马精化
000918	嘉凯城
000669	金鸿能源
002602	世纪华通
300560	中富通
002431	棕榈股份
002316	键桥通讯
002681	奋达科技
000980	众泰汽车
000697	炼石有色
000566	海南海药
000017	深中华A
002038	双鹭药业
000600	建投能源
002142	宁波银行
300042	朗科科技
300257	开山股份
300182	捷成股份
300053	欧比特
002408	齐翔腾达
000881	中广核技
000915	山大华特
000059	华锦股份
002164	宁波东力
002760	凤形股份
002343	慈文传媒
002568	百润股份
000895	双汇发展
000042	中洲控股
002706	良信电器
002092	中泰化学
002396	星网锐捷
002511	中顺洁柔
000585	东北电气
000735	罗 牛 山
002773	康弘药业
300238	冠昊生物
300353	东土科技
000068	华控赛格
000035	中国天楹
300194	福安药业
002244	滨江集团
000627	天茂集团
002470	金正大
002019	亿帆医药
002412	汉森制药
000537	广宇发展
300285	国瓷材料
000001	平安银行
000529	广弘控股
300012	华测检测
000925	众合科技
002595	豪迈科技
000338	潍柴动力
002039	黔源电力
002415	海康威视
300319	麦捷科技
002202	金风科技
002522	浙江众成
002241	歌尔股份
002597	金禾实业
000150	宜华健康
300280	南通锻压
000923	河北宣工
002294	信立泰
000036	华联控股
000428	华天酒店
000725	京东方Ａ
000863	三湘印象
000968	蓝焰控股
002059	云南旅游
002127	南极电商
002327	富安娜
002430	杭氧股份
002457	青龙管业
002677	浙江美大
002702	海欣食品
002721	金一文化
002730	电光科技
002809	红墙股份
300048	合康新能
300110	华仁药业
300116	坚瑞沃能
300131	英唐智控
002821	凯莱英
300069	金利华电
000596	古井贡酒
002048	宁波华翔
002010	传化智联
000609	绵石投资
000708	大冶特钢
002502	骅威文化
002377	国创高新
002388	新亚制程
002268	卫 士 通
000876	新 希 望
300058	蓝色光标
002058	威 尔 泰
300208	恒顺众昇
002301	齐心集团
300091	金通灵
000702	正虹科技
002254	泰和新材
000799	酒鬼酒
002309	中利集团
002261	拓维信息
300498	温氏股份
300142	沃森生物
000063	中兴通讯
000158	常山股份
300064	豫金刚石
002680	长生生物
000023	深天地Ａ
002711	欧浦智网
002390	信邦制药
300173	智慧松德
300196	长海股份
000584	友利控股
300146	汤臣倍健
000858	五 粮 液
000987	越秀金控
002193	如意集团
000568	泸州老窖
002078	太阳纸业
300159	新研股份
000766	通化金马
000729	燕京啤酒
000959	首钢股份
300223	北京君正
300015	爱尔眼科
300502	新易盛
002062	宏润建设
000990	诚志股份
000011	深物业A
300013	新宁物流
000638	万方发展
002250	联化科技
002712	思美传媒
300325	德威新材
000608	阳光股份
002003	伟星股份
002071	长城影视
000939	凯迪生态
002410	广联达
000951	中国重汽
002147	新光圆成
002311	海大集团
002370	亚太药业
002206	海 利 得
002640	跨境通
000620	新华联
002515	金字火腿
002846	英联股份
000913	钱江摩托
000777	中核科技
300337	银邦股份
002646	青青稞酒
002213	特 尔 佳
300342	天银机电
002342	巨力索具
300176	鸿特精密
300237	美晨科技
300401	花园生物
000576	广东甘化
300408	三环集团
002663	普邦股份
002024	苏宁云商
000513	丽珠集团
000860	顺鑫农业
000651	格力电器
000813	德展健康
002456	欧菲光
002282	博深工具
000998	隆平高科
300136	信维通信
002304	洋河股份
000333	美的集团
000921	海信科龙
002439	启明星辰
002354	天神娱乐
002032	苏 泊 尔
000411	英特集团
300294	博雅生物
000410	*ST沈机
002043	兔 宝 宝
000687	华讯方舟
002232	启明信息
002325	洪涛股份
002044	美年健康
002379	宏创控股
000720	新能泰山
002459	天业通联
000926	福星股份
002077	大港股份
000402	金 融 街
000856	冀东装备
300133	华策影视
300156	神雾环保
002336	人人乐
002819	东方中科
000910	大亚圣象
002086	东方海洋
000806	银河生物
300338	开元股份
002369	卓翼科技
000902	新洋丰
002047	宝鹰股份
002608	江苏国信
300032	金龙机电
000069	华侨城Ａ
000820	神雾节能
002420	毅昌股份
300025	华星创业
000700	模塑科技
002571	*ST德力
300275	梅安森
300300	汉鼎宇佑
000659	*ST中富
002545	东方铁塔
002581	未名医药
300225	金力泰
002876	三利谱
002134	*ST普林
002455	百川股份
300189	神农基因
002875	安奈儿
300327	中颖电子
000033	新都退
002633	申科股份
